id,cs_rating,name,symbol,slug,num_market_pairs,date_added,tags,circulating_supply,total_supply,cmc_rank,last_updated,quote_eur_price,quote_eur_volume_24h,quote_eur_volume_change_24h,quote_eur_percent_change_1h,quote_eur_percent_change_24h,quote_eur_percent_change_7d,quote_eur_percent_change_30d,quote_eur_percent_change_60d,quote_eur_percent_change_90d,quote_eur_market_cap,quote_eur_market_cap_dominance,quote_eur_fully_diluted_market_cap,quote_eur_last_updated
1,AAA,Bitcoin,BTC,bitcoin,9379,2013-04-28T00:00:00Z,"[""mineable"",""pow"",""sha-256"",""store-of-value"",""state-channel"",""coinbase-ventures-portfolio"",""three-arrows-capital-portfolio"",""polychain-capital-portfolio"",""binance-labs-portfolio"",""blockchain-capital-portfolio"",""boostvc-portfolio"",""cms-holdings-portfolio"",""dcg-portfolio"",""dragonfly-capital-portfolio"",""electric-capital-portfolio"",""fabric-ventures-portfolio"",""framework-ventures-portfolio"",""galaxy-digital-portfolio"",""huobi-capital-portfolio"",""alameda-research-portfolio"",""a16z-portfolio"",""1confirmation-portfolio"",""winklevoss-capital-portfolio"",""usv-portfolio"",""placeholder-ventures-portfolio"",""pantera-capital-portfolio"",""multicoin-capital-portfolio"",""paradigm-portfolio""]",19028643,19028643,1,2022-05-02T15:01:00Z,36914.9833,32688136439,28.5676,-0.3419,1.4702,-2.1996,-16.7132,-10.5916,0.8917,702442038722,42.4657,775214649471,2022-05-02T15:01:16Z
1027,AAA,Ethereum,ETH,ethereum,5671,2015-08-07T00:00:00Z,"[""mineable"",""pow"",""smart-contracts"",""ethereum-ecosystem"",""coinbase-ventures-portfolio"",""three-arrows-capital-portfolio"",""polychain-capital-portfolio"",""binance-labs-portfolio"",""blockchain-capital-portfolio"",""boostvc-portfolio"",""cms-holdings-portfolio"",""dcg-portfolio"",""dragonfly-capital-portfolio"",""electric-capital-portfolio"",""fabric-ventures-portfolio"",""framework-ventures-portfolio"",""hashkey-capital-portfolio"",""kenetic-capital-portfolio"",""huobi-capital-portfolio"",""alameda-research-portfolio"",""a16z-portfolio"",""1confirmation-portfolio"",""winklevoss-capital-portfolio"",""usv-portfolio"",""placeholder-ventures-portfolio"",""pantera-capital-portfolio"",""multicoin-capital-portfolio"",""paradigm-portfolio"",""injective-ecosystem"",""bnb-chain""]",120616771.6,120616771.6,2,2022-05-02T15:00:00Z,2688.8857,17355840473,21.1222,-0.267,1.6879,-3.1615,-18.975,-2.1444,2.1313,324324717856,19.6099,324324717856,2022-05-02T15:01:16Z
825,AAA,Tether,USDT,tether,32673,2015-02-25T00:00:00Z,"[""payments"",""stablecoin"",""asset-backed-stablecoin"",""avalanche-ecosystem"",""solana-ecosystem"",""arbitrum-ecosytem"",""moonriver-ecosystem"",""injective-ecosystem"",""bnb-chain"",""usd-stablecoin""]",83152877108,85713951816,3,2022-05-02T15:00:00Z,0.9505,65225889348,4.1638,-0.1687,-0.7186,-1.5921,-0.0186,-0.0262,-0.0318,79040768403,4.7774,81475191839,2022-05-02T15:01:16Z
1839,AAA,BNB,BNB,bnb,827,2017-07-25T00:00:00Z,"[""marketplace"",""centralized-exchange"",""payments"",""smart-contracts"",""alameda-research-portfolio"",""multicoin-capital-portfolio"",""moonriver-ecosystem"",""bnb-chain""]",163276974.6,163276974.6,4,2022-05-02T15:00:00Z,369.7693,1464359301,-4.1232,-0.4356,0.7062,-2.9267,-13.0467,-4.979,1.7064,60374814927,3.6492,61055111101,2022-05-02T15:01:16Z
3408,AAA,USD Coin,USDC,usd-coin,3860,2018-10-08T00:00:00Z,"[""medium-of-exchange"",""stablecoin"",""asset-backed-stablecoin"",""fantom-ecosystem"",""arbitrum-ecosytem"",""moonriver-ecosystem"",""bnb-chain"",""usd-stablecoin""]",49265554891,49265554891,5,2022-05-02T15:00:00Z,0.9506,3638152349,-2.518,-0.1818,-0.7188,-1.6159,0.0344,0.0782,-0.003,46829997733,2.8311,46829997733,2022-05-02T15:01:16Z
5426,AAA,Solana,SOL,solana,302,2020-04-10T00:00:00Z,"[""pos"",""platform"",""solana-ecosystem"",""cms-holdings-portfolio"",""kenetic-capital-portfolio"",""alameda-research-portfolio"",""multicoin-capital-portfolio"",""okex-blockdream-ventures-portfolio""]",334402586.6,511616946.1,6,2022-05-02T15:00:00Z,84.0019,1321706033,-18.2699,0.0844,0.1519,-10.8256,-37.0267,-10.3535,-18.1145,28090464368,1.6985,42976813486,2022-05-02T15:01:16Z
52,,XRP,XRP,xrp,714,2013-08-04T00:00:00Z,"[""medium-of-exchange"",""enterprise-solutions"",""binance-chain"",""arrington-xrp-capital-portfolio"",""galaxy-digital-portfolio"",""a16z-portfolio"",""pantera-capital-portfolio""]",48105234849,99989594553,7,2022-05-02T15:01:00Z,0.5826,1677584547,-9.8917,-0.3625,2.6662,-9.9794,-27.0565,-19.982,-1.0524,28024272377,1.6945,58256180362,2022-05-02T15:01:16Z
4172,AAA,Terra,LUNA,terra-luna,232,2019-07-26T00:00:00Z,"[""cosmos-ecosystem"",""store-of-value"",""defi"",""payments"",""coinbase-ventures-portfolio"",""binance-labs-portfolio"",""solana-ecosystem"",""arrington-xrp-capital-portfolio"",""hashkey-capital-portfolio"",""kenetic-capital-portfolio"",""huobi-capital-portfolio"",""pantera-capital-portfolio"",""terra-ecosystem""]",344359622.5,727327778.8,8,2022-05-02T15:01:00Z,79.8507,1946289918,-0.0454,-0.8372,5.0137,-9.9403,-25.3401,-9.8137,61.8263,27497361185,1.6616,58077641293,2022-05-02T15:01:16Z
2010,AAA,Cardano,ADA,cardano,431,2017-10-01T00:00:00Z,"[""mineable"",""dpos"",""pos"",""platform"",""research"",""smart-contracts"",""staking"",""cardano-ecosystem"",""cardano"",""bnb-chain""]",33739028516,34277702082,9,2022-05-02T15:00:00Z,0.7404,873707446.5,-14.64,-0.7718,0.2243,-10.9911,-33.9848,-15.2725,-26.4722,24980043197,1.5102,33317555167,2022-05-02T15:01:16Z
7129,AA,TerraUSD,UST,terrausd,533,2020-09-21T00:00:00Z,"[""cosmos-ecosystem"",""stablecoin"",""terra-ecosystem"",""injective-ecosystem"",""bnb-chain"",""usd-stablecoin""]",18576646812,18576646812,10,2022-05-02T15:00:00Z,0.9502,529811601.7,-7.863,-0.1589,-0.7436,-1.6538,-0.1253,-0.5015,0.1439,17651324596,1.0669,17651324596,2022-05-02T15:01:16Z
4687,AAA,Binance USD,BUSD,binance-usd,3616,2019-09-20T00:00:00Z,"[""stablecoin"",""asset-backed-stablecoin"",""binance-chain"",""harmony-ecosystem"",""moonriver-ecosystem"",""bnb-chain"",""usd-stablecoin""]",17756377612,,11,2022-05-02T15:01:00Z,0.9487,3690331804,-11.9501,-0.2587,-0.7612,-1.8772,-0.2961,-0.0938,0.0111,16845326815,1.0186,16845326815,2022-05-02T15:01:16Z
74,AA,Dogecoin,DOGE,dogecoin,468,2013-12-15T00:00:00Z,"[""mineable"",""pow"",""scrypt"",""medium-of-exchange"",""memes"",""payments"",""doggone-doggerel"",""bnb-chain""]",132670764300,132670764300,12,2022-05-02T15:01:00Z,0.1243,804502907.8,-29.0695,-0.3785,-1.3445,-7.4394,-8.1815,-0.9146,-8.0681,16496344977,0.9973,16496344977,2022-05-02T15:01:16Z
5805,AAA,Avalanche,AVAX,avalanche,241,2020-07-13T00:00:00Z,"[""defi"",""smart-contracts"",""polychain-capital-portfolio"",""avalanche-ecosystem"",""cms-holdings-portfolio"",""dragonfly-capital-portfolio"",""moonriver-ecosystem"",""injective-ecosystem"",""bnb-chain""]",268626624.8,395891289.9,13,2022-05-02T15:00:00Z,56.4525,768828429.4,-2.3556,1.945,1.6272,-16.2844,-41.3012,-25.2242,-15.1922,15164654857,0.9164,22349068254,2022-05-02T15:01:16Z
6636,AAA,Polkadot,DOT,polkadot-new,335,2020-08-19T00:00:00Z,"[""substrate"",""polkadot"",""binance-chain"",""polkadot-ecosystem"",""three-arrows-capital-portfolio"",""polychain-capital-portfolio"",""arrington-xrp-capital-portfolio"",""blockchain-capital-portfolio"",""boostvc-portfolio"",""cms-holdings-portfolio"",""coinfund-portfolio"",""fabric-ventures-portfolio"",""fenbushi-capital-portfolio"",""hashkey-capital-portfolio"",""kenetic-capital-portfolio"",""1confirmation-portfolio"",""placeholder-ventures-portfolio"",""pantera-capital-portfolio"",""exnetwork-capital-portfolio"",""web3"",""spartan-group"",""injective-ecosystem"",""bnb-chain""]",987579315,1103303471,14,2022-05-02T15:01:00Z,14.2923,676788350.7,-15.3544,0.2313,-0.0207,-15.7029,-35.1839,-18.1364,-22.9155,14114789358,0.8535,15768754834,2022-05-02T15:01:16Z
5994,AA,Shiba Inu,SHIB,shiba-inu,344,2020-08-01T00:00:00Z,"[""memes"",""ethereum-ecosystem"",""doggone-doggerel""]",549063278876301,589735030408322,15,2022-05-02T15:00:00Z,0,704879095.1,-27.7046,-0.9158,-0.9991,-12.86,-22.8415,-18.7505,-3.6744,10886469965,0.6578,11692883030,2022-05-02T15:01:16Z
3717,AA,Wrapped Bitcoin,WBTC,wrapped-bitcoin,413,2019-01-30T00:00:00Z,"[""medium-of-exchange"",""defi"",""wrapped-tokens"",""fantom-ecosystem"",""arbitrum-ecosytem"",""moonriver-ecosystem""]",281906.03,281906.03,16,2022-05-02T15:00:00Z,36968.4632,351738971,118.8537,-0.1203,1.7941,-2.0862,-16.5721,-10.5528,0.9249,10421632686,0.6299,10421632686,2022-05-02T15:01:16Z
4943,AAA,Dai,DAI,multi-collateral-dai,933,2019-11-22T00:00:00Z,"[""defi"",""stablecoin"",""ethereum-ecosystem"",""avalanche-ecosystem"",""polygon-ecosystem"",""fantom-ecosystem"",""arbitrum-ecosytem"",""harmony-ecosystem"",""moonriver-ecosystem"",""bnb-chain"",""usd-stablecoin""]",8724027009,8724027009,17,2022-05-02T15:00:00Z,0.9504,279010519.7,14.6779,-0.1813,-0.6576,-1.5513,0.0208,0.0636,0.0042,8291589588,0.5012,8291589588,2022-05-02T15:01:16Z
3890,,Polygon,MATIC,polygon,378,2019-04-28T00:00:00Z,"[""platform"",""enterprise-solutions"",""scaling"",""state-channel"",""coinbase-ventures-portfolio"",""binance-launchpad"",""binance-labs-portfolio"",""polygon-ecosystem"",""moonriver-ecosystem"",""injective-ecosystem"",""bnb-chain""]",7848866567,10000000000,18,2022-05-02T15:00:00Z,1.0346,744715953,-6.6168,0.054,-0.1942,-17.788,-36.0197,-32.5012,-33.8856,8120166871,0.4909,10345655392,2022-05-02T15:01:16Z
6535,AAA,NEAR Protocol,NEAR,near-protocol,137,2020-08-11T00:00:00Z,"[""platform"",""staking"",""coinbase-ventures-portfolio"",""arrington-xrp-capital-portfolio"",""coinfund-portfolio"",""electric-capital-portfolio"",""fabric-ventures-portfolio"",""kenetic-capital-portfolio"",""near-protocol-ecosystem"",""injective-ecosystem"",""bnb-chain""]",675370311,1000000000,19,2022-05-02T15:01:00Z,11.3223,1309856826,34.1993,3.4181,6.2522,-15.8803,-23.1629,6.7312,6.9753,7646725659,0.4623,11322270959,2022-05-02T15:01:16Z
3635,AA,Cronos,CRO,cronos,135,2018-12-14T00:00:00Z,"[""medium-of-exchange"",""cosmos-ecosystem"",""centralized-exchange"",""mobile"",""payments""]",25263013692,30263013692,20,2022-05-02T15:00:00Z,0.2778,259825799.6,262.6794,-0.7894,-9.2397,-26.4606,-39.9775,-32.7923,-31.4022,7018987534,0.4243,8408170080,2022-05-02T15:01:16Z
2,AA,Litecoin,LTC,litecoin,766,2013-04-28T00:00:00Z,"[""mineable"",""pow"",""scrypt"",""medium-of-exchange"",""binance-chain"",""bnb-chain""]",70198131.28,84000000,21,2022-05-02T15:01:00Z,95.4682,635135462,6.0897,-0.1102,3.1514,-3.2361,-21.1472,-9.92,-9.6363,6701686511,0.4051,8019325539,2022-05-02T15:01:16Z
1958,AA,TRON,TRX,tron,595,2017-09-13T00:00:00Z,"[""media"",""payments"",""tron-ecosystem"",""bnb-chain""]",101608818989,101608859836,22,2022-05-02T15:00:00Z,0.064,1768458374,12.7819,-0.2555,-1.9312,3.8083,-9.9239,11.1874,13.061,6499763078,0.3929,6499765691,2022-05-02T15:01:16Z
1831,,Bitcoin Cash,BCH,bitcoin-cash,591,2017-07-23T00:00:00Z,"[""mineable"",""pow"",""sha-256"",""marketplace"",""medium-of-exchange"",""store-of-value"",""enterprise-solutions"",""payments"",""binance-chain"",""bnb-chain""]",19052337.5,19052337.5,23,2022-05-02T15:00:00Z,271.6463,4027118282,0.7371,0.0191,2.2757,-8.8115,-24.3282,-9.3949,0.0621,5175497531,0.3129,5704572898,2022-05-02T15:01:16Z
4195,,FTX Token,FTT,ftx-token,122,2019-07-31T00:00:00Z,"[""marketplace"",""centralized-exchange"",""derivatives"",""cms-holdings-portfolio"",""kenetic-capital-portfolio"",""alameda-research-portfolio"",""pantera-capital-portfolio"",""exnetwork-capital-portfolio""]",136898555.7,332767891.8,24,2022-05-02T15:01:00Z,37.1857,88064033.35,9.4396,-0.1962,1.3124,-5.5254,-22.7226,-13.4974,-9.7636,5090674144,0.3076,13095702729,2022-05-02T15:01:16Z
3957,BB,UNUS SED LEO,LEO,unus-sed-leo,NA,2019-05-21T00:00:00Z,"[""marketplace"",""centralized-exchange"",""discount-token"",""payments"",""kenetic-capital-portfolio"",""alameda-research-portfolio""]",953954130,985239504,25,2022-05-02T15:00:00Z,5.3014,6107002.987,-3.9382,-0.0637,0.0005,-7.2618,-6.6404,-1.3669,48.9651,5057255877,0.3058,5223110960,2022-05-02T15:01:16Z
1975,AA,Chainlink,LINK,chainlink,636,2017-09-20T00:00:00Z,"[""platform"",""defi"",""oracles"",""smart-contracts"",""substrate"",""polkadot"",""polkadot-ecosystem"",""avalanche-ecosystem"",""solana-ecosystem"",""framework-ventures-portfolio"",""polygon-ecosystem"",""fantom-ecosystem"",""cardano-ecosystem"",""web3"",""near-protocol-ecosystem"",""arbitrum-ecosytem"",""cardano"",""injective-ecosystem"",""bnb-chain""]",467009549.5,1000000000,26,2022-05-02T15:00:00Z,10.6522,435133976.5,-18.0017,0.3708,0.7218,-15.3865,-36.2383,-25.7189,-34.8447,4974686453,0.3007,10652215694,2022-05-02T15:01:16Z
3794,AA,Cosmos,ATOM,cosmos,275,2019-03-14T00:00:00Z,"[""platform"",""cosmos-ecosystem"",""content-creation"",""interoperability"",""binance-chain"",""polychain-capital-portfolio"",""dragonfly-capital-portfolio"",""hashkey-capital-portfolio"",""1confirmation-portfolio"",""paradigm-portfolio"",""exnetwork-capital-portfolio"",""injective-ecosystem"",""bnb-chain""]",286370297,0,27,2022-05-02T15:00:00Z,16.9287,510071980.6,6.2392,-0.07,-0.3236,-18.0985,-41.24,-45.3649,-37.7844,4847873984,0.293,0,2022-05-02T15:01:16Z
7083,AA,Uniswap,UNI,uniswap,359,2020-09-17T00:00:00Z,"[""decentralized-exchange"",""defi"",""dao"",""yield-farming"",""amm"",""coinbase-ventures-portfolio"",""three-arrows-capital-portfolio"",""governance"",""blockchain-capital-portfolio"",""defiance-capital-portfolio"",""alameda-research-portfolio"",""a16z-portfolio"",""pantera-capital-portfolio"",""parafi-capital"",""paradigm-portfolio"",""arbitrum-ecosytem"",""injective-ecosystem"",""bnb-chain""]",690829835,1000000000,28,2022-05-02T15:00:00Z,6.5955,152053596.9,-41.2731,0.118,-1.0517,-20.1784,-40.9942,-30.0924,-38.4082,4556368424,0.2753,6595500358,2022-05-02T15:01:16Z
18876,A,ApeCoin,APE,apecoin-ape,132,2022-03-17T12:26:36Z,"[""collectibles-nfts"",""content-creation"",""gaming"",""entertainment"",""dao"",""governance"",""metaverse"",""animoca-brands-portfolio""]",284843750,1000000000,29,2022-05-02T15:01:00Z,14.5975,2382817088,-41.0572,-0.3977,-5.7336,-14.4145,15.7167,1435.2297,1435.2297,4158015670,0.2514,14597531699,2022-05-02T15:01:16Z
512,AA,Stellar,XLM,stellar,421,2014-08-05T00:00:00Z,"[""medium-of-exchange"",""enterprise-solutions"",""decentralized-exchange"",""smart-contracts"",""hashkey-capital-portfolio""]",24785213995,50001787855,30,2022-05-02T15:01:00Z,0.1664,206961873.5,-12.7697,-0.2894,1.1966,-6.6626,-25.5658,-8.5972,-13.4018,4124976178,0.2494,8321746263,2022-05-02T15:01:16Z
4030,AA,Algorand,ALGO,algorand,210,2019-06-20T00:00:00Z,"[""pos"",""platform"",""research"",""smart-contracts"",""arrington-xrp-capital-portfolio"",""kenetic-capital-portfolio"",""usv-portfolio"",""multicoin-capital-portfolio"",""exnetwork-capital-portfolio""]",6715296592,7104308320,31,2022-05-02T15:00:00Z,0.5666,150199108.8,-26.9187,-0.0041,1.547,-13.6158,-38.3929,-27.9314,-38.6509,3804864064,0.2301,5665965773,2022-05-02T15:01:16Z
328,AA,Monero,XMR,monero,178,2014-05-21T00:00:00Z,"[""mineable"",""pow"",""medium-of-exchange"",""privacy"",""ringct"",""boostvc-portfolio"",""electric-capital-portfolio"",""galaxy-digital-portfolio""]",18115607.43,18115607.43,32,2022-05-02T15:01:00Z,201.4862,190747549.2,-19.997,-0.0735,-0.4606,-13.2802,-3.4422,17.6383,46.5138,3650045303,0.2207,3650045303,2022-05-02T15:01:16Z
1321,A,Ethereum Classic,ETC,ethereum-classic,300,2016-07-24T00:00:00Z,"[""mineable"",""pow"",""ethash"",""platform"",""smart-contracts"",""dcg-portfolio"",""bnb-chain""]",134448159.1,210700000,33,2022-05-02T15:00:00Z,,462375870.4,-9.3158,-0.0968,2.6677,-16.7645,-41.2115,-10.2786,5.7282,3510496406,0.2121,5501463149,2022-05-02T15:01:16Z
3077,A,VeChain,VET,vechain,182,2017-08-22T00:00:00Z,"[""logistics"",""data-provenance"",""iot"",""smart-contracts"",""fenbushi-capital-portfolio""]",64315576989,86712634466,34,2022-05-02T15:00:00Z,0.0453,277823680.6,7.797,-0.4978,2.5524,-12.8654,-41.069,-14.6091,-12.2416,2916227660,0.1763,3931765754,2022-05-02T15:01:16Z
2280,,Filecoin,FIL,filecoin,200,2017-12-13T00:00:00Z,"[""mineable"",""distributed-computing"",""filesharing"",""storage"",""polychain-capital-portfolio"",""blockchain-capital-portfolio"",""boostvc-portfolio"",""dcg-portfolio"",""hashkey-capital-portfolio"",""a16z-portfolio"",""winklevoss-capital-portfolio"",""pantera-capital-portfolio"",""web3"",""bnb-chain""]",197486393,197486393,35,2022-05-02T15:01:00Z,14.1968,452035368.4,-52.3138,-0.5611,0.0926,-18.8081,-40.6532,-26.4992,-28.6274,2803666479,0.1695,2803666479,2022-05-02T15:01:16Z
8916,AA,Internet Computer,ICP,internet-computer,112,2021-03-23T00:00:00Z,"[""platform"",""distributed-computing"",""polychain-capital-portfolio"",""exnetwork-capital-portfolio""]",225624508.8,480885300.8,36,2022-05-02T15:00:00Z,12.1935,169110525.5,-38.2829,0.1335,0.5292,-19.2006,-42.1244,-36.2716,-36.0209,2751152335,0.1663,5863674675,2022-05-02T15:01:16Z
4642,AA,Hedera,HBAR,hedera,97,2019-09-17T00:00:00Z,"[""dag"",""marketplace"",""enterprise-solutions"",""payments"",""dcg-portfolio""]",20227064411,50000000000,37,2022-05-02T15:01:00Z,0.1328,70543367.03,-20.8339,-0.9638,-2.9093,-22.2477,-43.9038,-38.0566,-38.5123,2686059119,0.1624,6639765079,2022-05-02T15:01:16Z
6892,,Elrond,EGLD,elrond-egld,94,2020-09-04T00:00:00Z,"[""binance-launchpad"",""binance-labs-portfolio"",""electric-capital-portfolio"",""exnetwork-capital-portfolio"",""elrond-ecosystem"",""injective-ecosystem"",""bnb-chain""]",21873605.83,23016298,38,2022-05-02T15:00:00Z,120.8587,105131765.5,-12.83,-0.0658,-0.7622,-17.0687,-36.2923,-16.3005,-15.7407,2643616481,0.1598,3796889292,2022-05-02T15:01:16Z
1966,,Decentraland,MANA,decentraland,265,2017-09-17T00:00:00Z,"[""platform"",""collectibles-nfts"",""gaming"",""payments"",""metaverse"",""boostvc-portfolio"",""dcg-portfolio"",""fabric-ventures-portfolio"",""kenetic-capital-portfolio"",""polygon-ecosystem"",""play-to-earn""]",1842471769,2193682527,39,2022-05-02T15:00:00Z,1.4274,301635258,-17.7977,-0.2558,2.1454,-22.3069,-44.6778,-44.3823,-44.6065,2629888046,0.159,3131195578,2022-05-02T15:01:16Z
6210,A,The Sandbox,SAND,the-sandbox,212,2020-08-05T00:00:00Z,"[""collectibles-nfts"",""content-creation"",""gaming"",""ethereum-ecosystem"",""binance-launchpad"",""metaverse"",""play-to-earn"",""animoca-brands-portfolio""]",1159531965,3000000000,40,2022-05-02T15:01:00Z,1.9948,448935946.9,-12.4418,-0.5688,3.0236,-21.5398,-41.8316,-34.3662,-46.9504,2312991930,0.1399,5984290212,2022-05-02T15:01:16Z
2416,A,Theta Network,THETA,theta-network,110,2018-01-17T00:00:00Z,"[""media"",""collectibles-nfts"",""content-creation"",""defi"",""video"",""metaverse"",""huobi-capital-portfolio"",""web3""]",1000000000,1000000000,41,2022-05-02T15:01:00Z,2.2169,188745836.5,-9.4104,1.1464,3.1406,-20.3903,-44.1602,-26.1421,-20.3213,2216855864,0.134,2216855864,2022-05-02T15:01:16Z
7186,BBB,PancakeSwap,CAKE,pancakeswap,243,2020-09-25T00:00:00Z,"[""collectibles-nfts"",""decentralized-exchange"",""defi"",""smart-contracts"",""yield-farming"",""binance-chain"",""amm"",""dex"",""governance"",""bnb-chain""]",296181538.1,737240751.8,42,2022-05-02T15:00:00Z,7.346,156895722.8,-14.3223,-0.3072,2.8269,-13.3734,-16.0851,14.621,1.5595,2175739088,0.1315,5415744448,2022-05-02T15:01:16Z
2011,A,Tezos,XTZ,tezos,211,2017-10-06T00:00:00Z,"[""pos"",""platform"",""enterprise-solutions"",""collectibles-nfts"",""defi"",""smart-contracts"",""polychain-capital-portfolio"",""boostvc-portfolio"",""winklevoss-capital-portfolio""]",893118554.3,914732728.7,43,2022-05-02T15:00:00Z,2.3728,79887528.74,-10.5391,-0.5796,-0.5613,-14.7735,-38.387,-27.9876,-30.6014,2119198145,0.1281,2170484414,2022-05-02T15:01:16Z
4157,A,THORChain,RUNE,thorchain,84,2019-07-23T00:00:00Z,"[""cosmos-ecosystem"",""decentralized-exchange"",""defi"",""multicoin-capital-portfolio"",""exnetwork-capital-portfolio""]",330688061.3,334937974.9,44,2022-05-02T15:01:00Z,6.2349,184891085,4.1711,0.0046,5.9366,-19.8882,-45.2174,10.9566,56.4175,2061796582,0.1246,3117434258,2022-05-02T15:01:16Z
1765,AA,EOS,EOS,eos,436,2017-07-01T00:00:00Z,"[""medium-of-exchange"",""enterprise-solutions"",""smart-contracts"",""binance-chain"",""fenbushi-capital-portfolio"",""galaxy-digital-portfolio"",""bnb-chain""]",988408887.4,1053632593,45,2022-05-02T15:00:00Z,1.9896,366979405.3,-20.4756,-0.1048,1.4618,-10.7524,-26.9398,-4.7322,-10.063,1966539822,0.1189,2096309005,2022-05-02T15:01:16Z
18069,B,STEPN,GMT,green-metaverse-token,79,2022-03-09T12:47:15Z,"[""collectibles-nfts"",""gaming"",""binance-launchpad"",""solana-ecosystem"",""move-to-earn""]",600000000,6000000000,46,2022-05-02T15:00:00Z,3.2549,1114342059,-29.1793,-0.2537,0.9727,3.9377,32.7606,2130.1644,2130.1644,1952959230,0.1181,19529592304,2022-05-02T15:01:16Z
4256,BBB,Klaytn,KLAY,klaytn,102,2020-03-30T00:00:00Z,"[""platform"",""enterprise-solutions"",""injective-ecosystem""]",2796051729,10782297981,47,2022-05-02T15:01:00Z,0.6776,80294880.97,-11.891,-0.667,-2.3663,-20.4472,-40.0425,-39.8193,-40.0945,1894646986,0.1146,7306248364,2022-05-02T15:01:16Z
7278,AA,Aave,AAVE,aave,327,2020-10-02T00:00:00Z,"[""defi"",""dao"",""yield-farming"",""three-arrows-capital-portfolio"",""governance"",""lending-borowing"",""blockchain-capital-portfolio"",""defiance-capital-portfolio"",""framework-ventures-portfolio"",""alameda-research-portfolio"",""pantera-capital-portfolio"",""parafi-capital"",""polygon-ecosystem"",""fantom-ecosystem"",""bnb-chain""]",13699991.47,16000000,48,2022-05-02T15:00:00Z,137.9598,203276049.5,-18.1522,-0.0396,1.8098,-12.0171,-40.6548,9.4858,-12.2246,1890048082,0.1143,2207356798,2022-05-02T15:01:16Z
3513,,Fantom,FTM,fantom,300,2018-10-29T00:00:00Z,"[""platform"",""enterprise-solutions"",""defi"",""research"",""scaling"",""smart-contracts"",""fantom-ecosystem"",""injective-ecosystem"",""bnb-chain""]",2545006273,2545006273,49,2022-05-02T15:00:00Z,0.7409,951956283.3,14.8323,-1.0978,11.601,-24.9562,-51.9856,-58.2806,-62.7222,1885684544,0.114,2352469026,2022-05-02T15:01:16Z
6783,BBB,Axie Infinity,AXS,axie-infinity,210,2020-08-31T00:00:00Z,"[""collectibles-nfts"",""gaming"",""binance-launchpad"",""metaverse"",""defiance-capital-portfolio"",""play-to-earn"",""animoca-brands-portfolio""]",60907500,270000000,50,2022-05-02T15:01:00Z,29.3157,280178862.3,-34.7731,0.1342,0.6204,-26.8888,-55.414,-43.3968,-42.3071,1785547443,0.108,7915245409,2022-05-02T15:01:16Z
2087,,KuCoin Token,KCS,kucoin-token,38,2017-10-24T00:00:00Z,"[""marketplace"",""centralized-exchange"",""discount-token"",""algorand-ecosystem""]",98379860.95,145879861,51,2022-05-02T15:01:00Z,17.1609,5055984.105,-37.7969,-0.1552,2.4649,-7.9468,-15.7224,-10.2818,-0.9298,1688283842,0.1021,2919383550,2022-05-02T15:01:16Z
1437,,Zcash,ZEC,zcash,250,2016-10-29T00:00:00Z,"[""mineable"",""pow"",""equihash"",""medium-of-exchange"",""privacy"",""zero-knowledge-proofs"",""binance-chain"",""boostvc-portfolio"",""dcg-portfolio"",""electric-capital-portfolio"",""fenbushi-capital-portfolio"",""hashkey-capital-portfolio"",""winklevoss-capital-portfolio"",""placeholder-ventures-portfolio"",""pantera-capital-portfolio"",""bnb-chain""]",14295675,14295675,52,2022-05-02T15:00:00Z,113.8879,173265629.4,-18.8409,0.2231,0.2355,-21.9124,-35.2656,-3.9777,24.8579,1628104383,0.0984,2391645867,2022-05-02T15:01:16Z
4558,,Flow,FLOW,flow,65,2021-01-27T00:00:00Z,"[""collectibles-nfts"",""coinbase-ventures-portfolio"",""coinfund-portfolio"",""dcg-portfolio"",""ledgerprime-portfolio"",""a16z-portfolio"",""animoca-brands-portfolio""]",362790700,1370796365,53,2022-05-02T15:01:00Z,4.4122,46453168.16,-27.4531,0.1411,0.728,-14.1442,-37.5213,-24.7409,-30.0389,1600687139,0.0968,6048159757,2022-05-02T15:01:16Z
5665,BBB,Helium,HNT,helium,47,2020-06-05T00:00:00Z,"[""mineable"",""enterprise-solutions"",""distributed-computing"",""iot"",""usv-portfolio"",""multicoin-capital-portfolio"",""web3""]",116789417.7,223000000,54,2022-05-02T15:00:00Z,13.3086,23151068.04,-25.7089,-0.1148,7.4811,-17.5102,-42.8507,-42.7804,-48.2736,1554303027,0.0939,2967816620,2022-05-02T15:01:16Z
16086,,BitTorrent-New,BTT,bittorrent-new,64,2019-01-31T00:00:00Z,"[""platform"",""distributed-computing"",""filesharing"",""interoperability"",""staking"",""tron-ecosystem"",""storage"",""binance-launchpad"",""binance-labs-portfolio"",""web3"",""bnb-chain""]",929275160714000,990000000000000,55,2022-05-02T15:00:00Z,0,90030529.42,-40.362,-0.1588,1.2633,-6.6891,-22.9745,-10.886,-21.1417,1510331833,0.0913,1609026667,2022-05-02T15:01:16Z
1720,,IOTA,MIOTA,iota,76,2017-06-13T00:00:00Z,"[""dag"",""medium-of-exchange"",""iot"",""sharing-economy"",""bnb-chain""]",2779530283,2779530283,56,2022-05-02T15:00:00Z,0.5032,40504595.11,-4.6662,-0.2082,-0.5471,-17.318,-42.1887,-31.9503,-37.5301,1398637768,0.0845,1398637768,2022-05-02T15:01:16Z
2502,BB,Huobi Token,HT,huobi-token,108,2018-02-03T00:00:00Z,"[""marketplace"",""centralized-exchange"",""discount-token"",""payments"",""algorand-ecosystem"",""kenetic-capital-portfolio"",""alameda-research-portfolio"",""multicoin-capital-portfolio""]",155225063.3,500000000,57,2022-05-02T15:01:00Z,8.9705,43166027.63,-17.5569,-0.1406,0.6815,-1.4441,-3.8063,-0.6442,2.5238,1392442544,0.0842,4485237483,2022-05-02T15:01:16Z
6719,A,The Graph,GRT,the-graph,201,2020-12-17T00:00:00Z,"[""ai-big-data"",""enterprise-solutions"",""defi"",""coinbase-ventures-portfolio"",""solana-ecosystem"",""analytics"",""coinfund-portfolio"",""dcg-portfolio"",""fabric-ventures-portfolio"",""framework-ventures-portfolio"",""ledgerprime-portfolio"",""multicoin-capital-portfolio"",""parafi-capital"",""polygon-ecosystem"",""fantom-ecosystem"",""web3"",""near-protocol-ecosystem"",""arbitrum-ecosytem"",""spartan-group"",""injective-ecosystem"",""bnb-chain""]",4715735200,10000000000,58,2022-05-02T15:01:00Z,0.2927,129106481.4,-23.3527,0.1428,-1.087,-11.7131,-40.78,-17.0074,-26.2733,1380366030,0.0835,2943846910,2022-05-02T15:01:16Z
1518,A,Maker,MKR,maker,243,2017-01-29T00:00:00Z,"[""store-of-value"",""defi"",""dao"",""polychain-capital-portfolio"",""governance"",""lending-borowing"",""dragonfly-capital-portfolio"",""electric-capital-portfolio"",""a16z-portfolio"",""1confirmation-portfolio"",""placeholder-ventures-portfolio"",""pantera-capital-portfolio"",""paradigm-portfolio"",""near-protocol-ecosystem"",""spartan-group"",""bnb-chain""]",977631.037,977631.037,59,2022-05-02T15:00:00Z,1400.3811,62505778.14,-20.9841,0.7806,2.2826,-16.6202,-36.1989,-26.8245,-33.6035,1369056073,0.0827,1408191073,2022-05-02T15:01:16Z
3602,BBB,Bitcoin SV,BSV,bitcoin-sv,172,2018-11-09T00:00:00Z,"[""mineable"",""pow"",""sha-256"",""medium-of-exchange"",""store-of-value"",""state-channel""]",19048201.64,19048201.64,60,2022-05-02T15:00:00Z,70.3498,181004557.1,-0.7267,-0.0676,1.8584,-7.0452,-24.0858,-13.1093,-19.2626,1340036796,0.081,1477345381,2022-05-02T15:01:16Z
10791,BBB,eCash,XEC,ecash,49,2021-07-08T00:00:00Z,[],19048348423313,18899704673313,61,2022-05-02T15:01:00Z,0.0001,14264788.39,-68.7325,0.6206,-0.1306,-15.9886,-39.1444,-3.3827,-4.4782,1319996836,0.0798,1455240788,2022-05-02T15:01:16Z
1274,,Waves,WAVES,waves,175,2016-06-02T00:00:00Z,"[""lpos"",""platform"",""smart-contracts""]",108157780,108157780,62,2022-05-02T15:00:00Z,12.1587,315580786.6,-2.3775,0.1826,0.5142,-23.6731,-75.8389,-31.17,42.0804,1315062514,0.0795,1315062514,2022-05-02T15:01:16Z
2563,,TrueUSD,TUSD,trueusd,255,2018-03-06T00:00:00Z,"[""store-of-value"",""stablecoin"",""asset-backed-stablecoin"",""avalanche-ecosystem"",""arbitrum-ecosytem"",""bnb-chain"",""usd-stablecoin""]",1374841718,1374841718,63,2022-05-02T15:01:00Z,0.9502,85624720.66,-3.309,-0.155,-0.741,-1.624,-0.0168,-0.0322,0.0275,1306406561,0.079,1306406561,2022-05-02T15:01:16Z
9903,BBB,Convex Finance,CVX,convex-finance,110,2021-05-18T00:00:00Z,"[""defi"",""yield-aggregator""]",60269451.22,89303157.5,64,2022-05-02T15:00:00Z,21.6593,13936163.21,20.6919,0.7623,0.4334,-9.8935,-32.841,10.4006,-16.5415,1305395872,0.0789,2165932899,2022-05-02T15:01:16Z
2694,,Nexo,NEXO,nexo,71,2018-05-01T00:00:00Z,"[""services"",""payments"",""cardano-ecosystem""]",560000011,1000000000,65,2022-05-02T15:00:00Z,2.1045,28127352.14,-65.2315,-1.2138,-4.9926,0.41,-12.8779,8.5709,9.9261,1178546747,0.0713,2104547721,2022-05-02T15:01:16Z
1376,BB,Neo,NEO,neo,245,2016-09-08T00:00:00Z,"[""platform"",""enterprise-solutions"",""smart-contracts""]",70538831,100000000,66,2022-05-02T15:00:00Z,16.6492,96469209.55,-20.3407,0.0296,1.914,-11.2333,-37.7733,-27.2657,-11.603,1174415600,0.071,1664920702,2022-05-02T15:01:16Z
4847,,Stacks,STX,stacks,48,2019-10-28T00:00:00Z,"[""mineable"",""platform"",""defi"",""smart-contracts"",""metaverse"",""arrington-xrp-capital-portfolio"",""blockchain-capital-portfolio"",""dcg-portfolio"",""fabric-ventures-portfolio"",""hashkey-capital-portfolio"",""huobi-capital-portfolio"",""usv-portfolio"",""web3"",""injective-ecosystem""]",1310799104,1352464600,67,2022-05-02T15:00:00Z,0.894,11054812.95,-41.1513,-0.6254,1.1495,-13.6647,-36.924,-23.0967,-36.4019,1171918910,0.0709,1625381473,2022-05-02T15:01:16Z
3155,,Quant,QNT,quant,93,2018-08-10T00:00:00Z,"[""platform"",""interoperability""]",12072738,14612493.08,68,2022-05-02T15:00:00Z,92.797,43217232.93,-17.3051,-0.586,2.9842,-8.0244,-31.9453,-23.3369,-0.9229,1120314120,0.0677,1355995818,2022-05-02T15:01:16Z
3897,BB,OKB,OKB,okb,65,2019-04-30T00:00:00Z,"[""marketplace"",""centralized-exchange"",""discount-token"",""alameda-research-portfolio""]",60000000,300000000,69,2022-05-02T15:00:00Z,17.7609,54220645.16,9.5316,1.7153,4.0068,-7.1497,-11.6743,-6.8567,-13.2677,1065652196,0.0644,5328260980,2022-05-02T15:01:16Z
5034,BBB,Kusama,KSM,kusama,131,2019-12-12T00:00:00Z,"[""substrate"",""polkadot-ecosystem"",""cms-holdings-portfolio"",""kenetic-capital-portfolio"",""1confirmation-portfolio"",""vbc-ventures-portfolio""]",8470098.057,9651217.451,70,2022-05-02T15:00:00Z,124.4625,84264043.66,-17.002,0.4165,-0.5388,-16.9209,-34.9121,-6.3609,-20.4004,1054209851,0.0637,1201214961,2022-05-02T15:01:16Z
4066,,Chiliz,CHZ,chiliz,239,2019-07-01T00:00:00Z,"[""sports"",""collectibles-nfts"",""content-creation"",""payments""]",6000378907,8888888888,71,2022-05-02T15:00:00Z,0.1711,109828288.7,-18.3052,0.4885,1.099,-12.3819,-37.1785,-8.1939,-4.1919,1026952774,0.0621,1521315445,2022-05-02T15:01:16Z
5567,,Celo,CELO,celo,108,2020-05-22T00:00:00Z,"[""pos"",""zero-knowledge-proofs"",""mobile"",""payments"",""smart-contracts"",""coinbase-ventures-portfolio"",""polychain-capital-portfolio"",""dragonfly-capital-portfolio"",""electric-capital-portfolio"",""a16z-portfolio"",""celo-ecosystem""]",439191694,1000000000,72,2022-05-02T15:00:00Z,2.3099,57403097.58,-26.9344,-0.8203,1.4462,-14.8973,-30.213,-7.377,-25.3811,1014488578,0.0613,2309899280,2022-05-02T15:01:16Z
3945,BBB,Harmony,ONE,harmony,89,2019-06-01T00:00:00Z,"[""platform"",""enterprise-solutions"",""scaling"",""smart-contracts"",""binance-launchpad"",""binance-labs-portfolio"",""hashkey-capital-portfolio"",""harmony-ecosystem"",""injective-ecosystem"",""bnb-chain""]",12049104373,13441501373,73,2022-05-02T15:00:00Z,0.078,104812903.4,0.9025,0.3078,5.5535,-24.0934,-52.9133,-48.2188,-56.6399,939924925.7,0.0568,1048542845,2022-05-02T15:01:16Z
1934,,Loopring,LRC,loopring,200,2017-08-30T00:00:00Z,"[""marketplace"",""decentralized-exchange"",""defi"",""scaling"",""rollups""]",1329788611,1373873439,74,2022-05-02T15:00:00Z,0.7033,132263438.5,-23.4955,0.0501,3.3047,-15.7448,-38.1642,-7.0885,-25.5024,935224791.8,0.0565,966679562.3,2022-05-02T15:01:16Z
7080,,Gala,GALA,gala,147,2020-09-16T00:00:00Z,"[""collectibles-nfts"",""gaming"",""binance-smart-chain"",""polygon-ecosystem"",""play-to-earn""]",6977205436,35240112493,75,2022-05-02T15:00:00Z,0.1319,327497053.8,-14.9776,-0.4483,0.4141,-22.8926,-47.7806,-45.1823,-32.4157,920370679.7,0.0556,4648561173,2022-05-02T15:01:16Z
131,BBB,Dash,DASH,dash,335,2014-02-14T00:00:00Z,"[""mineable"",""hybrid-pow-pos"",""x11"",""medium-of-exchange"",""masternodes"",""dao"",""governance""]",10705746.67,10705746.67,76,2022-05-02T15:01:00Z,85.3425,139370600.3,-23.6254,-0.2192,2.4414,-8.7809,-30.6796,-11.0649,-6.0557,913655355.7,0.0552,1612973551,2022-05-02T15:01:16Z
6538,BB,Curve DAO Token,CRV,curve-dao-token,272,2020-08-14T00:00:00Z,"[""decentralized-exchange"",""defi"",""dao"",""yield-farming"",""amm"",""governance"",""framework-ventures-portfolio"",""alameda-research-portfolio"",""polygon-ecosystem"",""fantom-ecosystem"",""arbitrum-ecosytem""]",461837975.2,1738180820,77,2022-05-02T15:01:00Z,1.9697,160852457.4,-12.9805,0.8574,2.3107,-20.9615,-28.5533,-18.7427,-38.0371,909704149.7,0.055,6506135335,2022-05-02T15:01:16Z
3330,,Pax Dollar,USDP,paxos-standard,51,2018-09-27T00:00:00Z,"[""store-of-value"",""stablecoin"",""asset-backed-stablecoin"",""bnb-chain"",""usd-stablecoin""]",945642940.1,945642940.1,78,2022-05-02T15:00:00Z,0.9541,6222549.844,-18.6788,99999999999,-0.5892,-1.5329,0.4246,0.6042,0.3574,902226613.8,0.0545,902226613.8,2022-05-02T15:01:16Z
2130,,Enjin Coin,ENJ,enjin-coin,241,2017-11-01T00:00:00Z,"[""media"",""collectibles-nfts"",""gaming"",""ethereum-ecosystem"",""metaverse"",""arrington-xrp-capital-portfolio""]",883791705.6,1000000000,79,2022-05-02T15:01:00Z,1.0128,148959049.6,-7.0556,0.231,-1.0862,-20.9003,-43.5637,-29.8712,-42.1278,895108859.7,0.0541,1012805228,2022-05-02T15:01:16Z
5068,B,Neutrino USD,USDN,neutrino-usd,44,2020-01-30T00:00:00Z,"[""defi"",""stablecoin"",""bnb-chain"",""usd-stablecoin""]",954526190.2,954526789.1,80,2022-05-02T15:00:00Z,0.9272,11037982.14,62.5109,-0.2586,-0.653,-0.2453,-0.775,-1.6073,-0.1076,885030837.4,0.0535,885031392.6,2022-05-02T15:01:16Z
2469,,Zilliqa,ZIL,zilliqa,184,2018-01-25T00:00:00Z,"[""mineable"",""platform"",""payments"",""smart-contracts"",""polychain-capital-portfolio"",""kenetic-capital-portfolio"",""zilliqa-ecosystem"",""bnb-chain""]",12728404676,16019871829,81,2022-05-02T15:01:00Z,0.0675,343737238.1,-41.7539,-0.4073,,-29.5947,-63.4363,65.0592,55.5468,858986278.3,0.0519,1417201315,2022-05-02T15:01:16Z
1697,BB,Basic Attention Token,BAT,basic-attention-token,303,2017-06-01T00:00:00Z,"[""marketing"",""content-creation"",""defi"",""payments"",""dcg-portfolio"",""1confirmation-portfolio"",""pantera-capital-portfolio"",""web3"",""bnb-chain""]",1498032246,1500000000,82,2022-05-02T15:00:00Z,0.5576,83659113.65,-26.8988,0.4371,0.1631,-17.15,-35.6128,-18.5748,-30.1915,835245397.6,0.0505,836342541.9,2022-05-02T15:01:16Z
8646,BBB,Mina,MINA,mina,60,2021-03-02T00:00:00Z,"[""pos"",""zero-knowledge-proofs"",""staking"",""coinbase-ventures-portfolio"",""polychain-capital-portfolio""]",484319064.8,824104972,83,2022-05-02T15:01:00Z,1.683,42226354.11,-7.467,0.0504,1.2528,-16.7151,-35.0157,-15.8826,-31.4692,815115719.6,0.0493,1386980125,2022-05-02T15:01:16Z
873,,NEM,XEM,nem,122,2015-04-01T00:00:00Z,"[""poi"",""medium-of-exchange"",""payments"",""smart-contracts"",""fantom-ecosystem""]",8999999999,8999999999,84,2022-05-02T15:00:00Z,0.0857,21347728.06,-18.6381,-0.4925,0.5594,-4.574,-27.4261,-13.8717,-12.5232,771351079.1,0.0466,771351079.1,2022-05-02T15:01:16Z
6945,,Amp,AMP,amp,77,2020-09-08T00:00:00Z,[],42227702186,99213408535,85,2022-05-02T15:00:00Z,0.0181,10134241.36,-17.0636,0.3578,-0.4793,-13.4096,-31.4332,-32.1781,-37.276,766309962.6,0.0463,1679470430,2022-05-02T15:01:16Z
5632,BB,Arweave,AR,arweave,55,2020-05-27T00:00:00Z,"[""distributed-computing"",""filesharing"",""storage"",""coinbase-ventures-portfolio"",""solana-ecosystem"",""arrington-xrp-capital-portfolio"",""blockchain-capital-portfolio"",""a16z-portfolio"",""multicoin-capital-portfolio"",""web3""]",33394701,63190435,86,2022-05-02T15:00:00Z,22.8629,46993171.47,-7.719,-0.744,1.3711,-11.7213,-39.7064,-22.165,-38.4633,763498770.7,0.0462,1508949545,2022-05-02T15:01:16Z
1168,,Decred,DCR,decred,57,2016-02-10T00:00:00Z,"[""mineable"",""hybrid-pow-pos"",""blake256"",""medium-of-exchange"",""store-of-value"",""privacy"",""dao"",""placeholder-ventures-portfolio""]",13984270.47,13984270.47,87,2022-05-02T15:00:00Z,53.4725,4016705.245,-13.1586,-0.1584,-0.0166,-10.1832,-13.615,-7.146,-11.5855,747774029.4,0.0452,1122922690,2022-05-02T15:01:16Z
4846,,Kava,KAVA,kava,78,2019-10-25T00:00:00Z,"[""cosmos-ecosystem"",""defi"",""binance-launchpad"",""binance-labs-portfolio"",""lending-borowing"",""arrington-xrp-capital-portfolio"",""framework-ventures-portfolio"",""hashkey-capital-portfolio"",""injective-ecosystem""]",182735199,173657543,88,2022-05-02T15:00:00Z,3.9464,79989947.86,-11.8486,0.1703,-0.7297,-21.022,-8.5068,19.3864,26.0693,721152477.8,0.0436,685328103.8,2022-05-02T15:01:16Z
2634,,XDC Network,XDC,xinfin,54,2018-04-12T00:00:00Z,[],12305012699,37705012699,89,2022-05-02T15:01:00Z,0.0584,10341922.69,-24.864,0.2211,0.7736,8.8235,4.6923,17.7874,2.4805,718049294.7,0.0434,2200246228,2022-05-02T15:01:16Z
9444,,Kyber Network Crystal v2,KNC,kyber-network-crystal-v2,135,2021-04-26T00:00:00Z,"[""marketplace"",""decentralized-exchange"",""defi"",""dao"",""amm"",""three-arrows-capital-portfolio"",""governance"",""kenetic-capital-portfolio"",""pantera-capital-portfolio"",""parafi-capital""]",177809349.5,177809349.5,90,2022-05-02T15:00:00Z,3.9605,192383398.8,-7.9329,-1.0609,-7.5695,-18.1346,25.4779,50.4836,121.248,704214373.1,0.0426,704214373.1,2022-05-02T15:01:16Z
5692,A,Compound,COMP,compound,260,2020-06-16T00:00:00Z,"[""defi"",""dao"",""yield-farming"",""polkadot-ecosystem"",""coinbase-ventures-portfolio"",""three-arrows-capital-portfolio"",""polychain-capital-portfolio"",""lending-borowing"",""dragonfly-capital-portfolio"",""alameda-research-portfolio"",""a16z-portfolio"",""pantera-capital-portfolio"",""paradigm-portfolio"",""bnb-chain""]",6728224.658,10000000,91,2022-05-02T15:00:00Z,100.4993,58406294.67,-30.6085,0.0325,2.3705,-18.2336,-31.7995,-13.0562,-16.6522,676182120.6,0.0409,1004993375,2022-05-02T15:01:16Z
2682,,Holo,HOT,holo,114,2018-04-29T00:00:00Z,"[""platform"",""distributed-computing"",""filesharing"",""storage""]",173305412321,177619433541,92,2022-05-02T15:00:00Z,0.0039,41279962.75,-18.1032,0.2567,1.1032,-11.0166,-39.1531,-8.3611,-11.3269,668243593.9,0.0404,684877910.2,2022-05-02T15:01:16Z
3822,BB,Theta Fuel,TFUEL,theta-fuel,38,2019-03-28T00:00:00Z,"[""media"",""content-creation"",""defi"",""payments""]",5301214400,5301214400,93,2022-05-02T15:00:00Z,0.1236,48954599.78,41.0737,-0.4407,-1.8769,-19.4193,-40.4326,-23.1061,-25.9274,655011994.5,0.0396,655011994.5,2022-05-02T15:01:16Z
5647,,Kadena,KDA,kadena,27,2020-05-31T00:00:00Z,"[""mineable"",""pow"",""blake2s"",""platform"",""cosmos-ecosystem"",""smart-contracts"",""coinfund-portfolio"",""multicoin-capital-portfolio""]",171287601.1,1000000000,94,2022-05-02T15:00:00Z,3.6555,38515708.91,-36.7371,0.1823,1.2189,-20.5872,-48.1279,-47.2094,-38.0061,626137207,0.0379,3655473034,2022-05-02T15:01:16Z
5864,A,yearn.finance,YFI,yearn-finance,271,2020-07-18T00:00:00Z,"[""defi"",""yield-farming"",""yield-aggregator"",""yearn-partnerships"",""three-arrows-capital-portfolio"",""polychain-capital-portfolio"",""governance"",""blockchain-capital-portfolio"",""framework-ventures-portfolio"",""alameda-research-portfolio"",""parafi-capital"",""fantom-ecosystem"",""arbitrum-ecosytem"",""bnb-chain""]",36637.7212,36666,95,2022-05-02T15:00:00Z,16251.8539,68552794.26,-40.3328,0.0917,1.5393,-7.7265,-27.0974,-20.9007,-31.8955,595430892.4,0.036,595890474.9,2022-05-02T15:01:16Z
5604,BBB,Secret,SCRT,secret,35,2020-05-19T00:00:00Z,"[""cosmos-ecosystem"",""defi"",""privacy""]",163295557,190165060,96,2022-05-02T15:00:00Z,3.6342,14609382.14,-55.3942,0.3917,3.4488,-10.7325,-40.8078,-22.7364,-29.7137,593452479.4,0.0359,691102246.9,2022-05-02T15:01:16Z
1896,BB,0x,ZRX,0x,241,2017-08-16T00:00:00Z,"[""platform"",""decentralized-exchange"",""defi"",""scaling"",""dao"",""substrate"",""polkadot"",""polkadot-ecosystem"",""polychain-capital-portfolio"",""governance"",""blockchain-capital-portfolio"",""boostvc-portfolio"",""fabric-ventures-portfolio"",""kenetic-capital-portfolio"",""placeholder-ventures-portfolio"",""pantera-capital-portfolio""]",847496054.8,1000000000,97,2022-05-02T15:00:00Z,0.6869,172227606.2,-14.8967,-0.6418,3.5633,-5.5716,-13.3123,32.7752,22.9439,582114737.4,0.0352,686864244.6,2022-05-02T15:01:16Z
4705,,PAX Gold,PAXG,pax-gold,67,2019-09-26T00:00:00Z,"[""bnb-chain"",""tokenized-gold""]",,326440.611,98,2022-05-02T15:01:00Z,1775.9684,27937226.32,70.5232,0.0608,-2.6283,-3.3561,-2.7815,-2.9544,3.2142,579748199.9,0.035,579748199.9,2022-05-02T15:01:16Z
1659,BBB,Gnosis,GNO,gnosis-gno,68,2017-05-01T00:00:00Z,"[""services"",""decentralized-exchange"",""defi"",""prediction-markets"",""kenetic-capital-portfolio"",""arbitrum-ecosytem""]",1930733,10000000,99,2022-05-02T15:00:00Z,300.0374,5633376.572,37.5192,-0.1063,1.4237,-3.6062,-26.883,-7.8662,5.4297,579292189,0.035,3000374412,2022-05-02T15:01:16Z
7455,,Audius,AUDIO,audius,95,2020-10-20T00:00:00Z,"[""music"",""coinbase-ventures-portfolio"",""binance-labs-portfolio"",""solana-ecosystem"",""pantera-capital-portfolio"",""multicoin-capital-portfolio"",""web3""]",713381683,1097658974,100,2022-05-02T15:00:00Z,0.8112,44201501.36,13.426,-0.7695,-0.9434,-25.5417,-30.4156,6.3216,-14.5699,578673071.3,0.035,890386878.2,2022-05-02T15:01:16Z